text,value
ab,2
ab initio,2
abbvie,2
abbvie sentia,2
ability,24
abnormalities,2
ac battery,23
accelerate design,2
accelerate threat,2
acceleration,3
access,3
access catalog,6
access cloud,4
access construction,1
access horizon,3
access molnupiravir,3
access research,28
accessibility,16
accessibility media,2
accessibility web,4
accessories,1
accessories dealers,8
accessories men,4
accounts,5
accruals,2
acquire minority,2
acquisition,7
acquisition industry,1
across africa,3
across cloud,3
across globe,1
across industries,1
across multidomain,2
act,2
act applications,2
actimmune,2
actimmune interferon,1
action,1
action forms,3
actions,2
actions methods,1
active directory,28
active set,1
active users,1
acute care,1
acute myeloid,2
acute preventive,2
acute treatment,24
adding structure,2
addition,2
addition companys,2
additional offices,2
additionally aftermarket,2
address,2
address brazilian,4
address cases,4
address complexity,1
addresses,1
addresses process,9
adjunct,1
adjunct therapy,2
administration,5
administration personnel,15
administrationbenefits,8
administrationbenefits carrier,2
administrative,2
administrative modern,2
administrative tasks,4
adoption,4
adoption implementation,24
adsupported segments,2
adult,2
advance,20
advanced commercial,1
advanced edition,2
advanced load,6
advantage,6
advertisements,1
advertising,1
advertising wirecutter,10
advice,1
advice priorities,1
advisory,1
advisory consulting,2
advisory united,3
aerospace,1
aerospace defense,1
affairs,2
affordable care,2
africa,2
africa asia,2
africa crocs,2
africa north,2
aftermarket,5
aftermarket service,2
aftersales,2
aftersales vehicle,1
ag,1
ag eisai,10
agencies,5
agent,5
agile automation,2
agile consultancy,2
agile planning,3
agreement,3
agreement beigene,9
agreement bgi,5
agreement cove,1
agreement dexcom,1
agreement medicines,1
agreement novartis,1
agreements,2
agreements lupus,2
agriculture,2
agriculture commodities,2
ai game,4
air,4
air travel,8
airbus,3
airbus se,4
aircooled engine,1
aircraft,1
aircraft manufacturers,3
aircraft operators,3
airlines,2
airlines business,2
airport,13
airport operations,6
alerting monitoring,3
alerts,4
alerts custom,1
alerts notifies,1
algorithms,1
algorithms audio,12
algorithms bioinformatics,12
align enterprise,8
alleged father,8
alliance,8
alliance linksys,8
alliances,1
alliances amazon,1
allocation,9
allocation labor,2
allows laboratory,2
allows users,4
alpha,23
alpha antitrypsin,3
also collaboration,2
also markets,2
also partnership,2
also recovers,8
alternative asset,3
alternative investment,5
alternators,15
alto,8
alto california,2
alzheimer,2
alzheimer diseases,2
amathus,2
amathus therapeutics,1
amazon,1
amazon web,2
ambarella,2
america,0
america asia,0
america australia,0
america europe,0
america focus,1
americas,1
americas asia,6
americas europe,2
amyloidosis,2
amyloidosis ntla,2
amyotrophic lateral,2
analysis,0
analysis documentation,0
analysis machine,1
analysis ontheground,1
analysis pharmacovigilance,6
analysis platform,1
analysis tooling,4
analysis visualization,5
analyst,2
analyst productivity,2
analytics,4
analytics businesses,4
analytics engine,2
analytics insights,2
analytics security,3
analyzing reporting,3
andor,1
andor email,1
angeles,2
angeles california,2
angioedema,4
anhedonia,2
anhedonia depression,2
animal,2
animal byproduct,2
animal fats,61
animal health,8
animal producers,2
animal proteins,2
animation,12
animation effects,1
anomalies,1
anora,4
anora miscarriage,2
antimalware,28
antimalware execution,8
antispam,3
antitrypsin,40
antitrypsin deficiency,1
antiviral medicine,2
apis,1
apis sdks,4
apollo,2
apollo global,1
app,1
app people,1
app search,1
apparel,1
appliance,2
appliance fortianalyzer,2
applicant,8
applicant tracking,8
application,1
application control,1
application database,6
application firewall,2
application modernization,2
application performance,21
application podcast,4
application service,3
application submissions,1
application testing,9
applications,1
applications addition,1
applications areas,4
applications cross,15
applications materials,3
applications networking,13
applications paycom,2
applications product,2
applications rf,6
applications search,6
applications talent,19
applications websites,4
approving timeoff,1
approximately countries,4
approximately laboratory,3
approximately newspapers,3
approximately tractors,4
apps,1
apps bamboo,1
aps,1
architects,1
architects access,15
architecture,2
architecture consulting,1
architecture engineering,2
area,2
area network,4
areas,1
areas enterprise,1
areas oncology,4
areas talent,2
ares,2
ares management,3
arizona,3
articles,4
articles graphics,4
artificial intelligence,2
asia,2
asia ares,2
asia australia,2
asia cameco,2
asia companys,2
asia europe,31
asia pacific,1
asia southeast,2
ask tool,1
assays foundation,17
assess,8
assess organ,1
assessment,4
assessment dsa,4
assessment safety,2
assessment toxicology,2
asset,2
asset ingrezza,2
asset manager,12
assets,3
assets data,3
assigning,3
assist,3
assist clients,3
associated,2
associated crisprcas,2
associated software,8
associated uterine,8
associates,1
assurance,1
assurance practices,3
astrazeneca,3
astrazeneca plc,4
ataxia,2
ataxia obsessive,1
atlanta,3
atlanta georgia,3
atlas,3
atlassian,3
atlassian cloud,2
atlassian plc,2
atrophy,26
attendance,3
attendance data,3
attendance schedulingschedule,7
attendance solution,2
audiences,1
audiences journalists,1
audio,2
audio processing,2
audio streaming,1
audiovisual centre,3
audit,3
audit exposure,39
auditing,4
auditing sealing,2
august,3
august clevelandcliffs,5
august mongodb,2
august teladoc,1
austin,2
austin texas,2
australia,1
authentication,1
authentication preparation,2
authentication safeguard,1
autocad,2
autocad civil,1
autocad lt,1
autocad software,4
autodesk,1
autodesk customers,2
autoimmune,8
autoimmune disorders,2
autoimmune severe,2
autoimmunity,29
autoimmunity ngm,3
automate processes,2
automated cybersecurity,23
automated ultracold,2
automatic standby,4
automation,4
automation consulting,4
automation email,8
automation load,8
automation machines,4
automation optimization,4
automation process,6
automation semiconductor,2
automation splunk,4
automotive cameras,3
automotive energy,3
automotive industry,19
automotive regulatory,3
avalara,4
avalara cloudconnect,1
avalara compliance,2
avalara december,8
avalara item,2
avalara licensing,2
avatax,12
avatax avalara,12
avatax solution,2
avian,2
avian vaccine,2
aviation,2
aviation flight,2
aviation training,28
azenta,2
azenta december,3
azrn,3
background,2
background checks,1
backup,3
backup electric,3
backup gridsupport,14
backup healthcare,3
bakery,5
balancer,2
balancer digital,2
bamboo,4
bamboo crowd,2
bandgap,2
bandgap semiconductor,2
banks,2
bar,8
bar code,2
bar coding,2
bare,2
bare wafers,6
basaliq,1
basaliq control,2
based cincinnati,2
based luxembourg,6
based support,3
based wilmington,2
basic standard,1
basis,1
basis united,2
batteries,2
batteries inverters,7
battery,2
battery packs,3
battery storage,2
bayer,6
bayer ag,2
beats,2
behavioral health,3
behaviorbased exploit,3
beigene,8
beigene ltd,8
belarus,2
belarus kazakhstan,2
benefit,2
benefit managers,2
benefits,5
benefits management,5
best doctors,14
betterhelp,4
betterhelp healthiestyou,9
bgi,2
bgi genomics,2
bhv,7
bhv nonmigraine,2
bhv phase,2
bhv product,2
bial,2
bial portela,2
bidmanagement,7
bidmanagement solution,2
bifuel,5
bifuel batteries,2
bim construction,2
bioanalysis,1
bioanalysis drug,1
bioanalytical laboratory,1
biocorp,1
biocorp production,2
bioenergy,2
bioenergy fertilizer,12
biohaven pharmaceutical,4
bioinformatics,5
bioinformatics order,3
biological tool,12
biologics,12
biomed gmbh,11
biomedical research,4
bionutrients,3
biopharmaceutical discovers,4
biopharmaceuticals,1
bioprocessing disaster,3
bioscience,14
bioscience pte,4
biosciences,4
biospecimen,4
biospecimen procurement,9
biotech,4
biotech aps,4
biotechnology,4
biotechnology companies,2
biotechnology pharmaceutical,2
biotherapeutics,8
bitartrate,8
bitartrate delayedrelease,2
bitbucket,2
bitbucket code,5
black cloud,3
blockchain,1
blockchain internet,1
blogging website,1
blood,21
blood glucose,1
boards,3
boards customers,4
bonds,2
book,2
book development,3
boots,2
boots flats,1
boring mechanized,1
boxes,39
boxes mobile,2
brand,12
brand name,4
brand names,12
brand owners,12
brands,15
brands mobile,1
brazilian tax,1
brazilian transaction,1
breaks,1
breaks subscribers,1
bridge,1
briefings,1
brooks,1
brooks automation,3
broomfield,1
broomfield colorado,1
brush,2
brush mowers,2
budgeting,8
budgeting performance,2
build content,4
building information,6
building maintaining,1
buildingconnected,1
buildingconnected bidmanagement,1
builds,2
builds team,2
bundles,2
bundles reactor,2
buphenyl,5
buphenyl sodium,2
business,0
business aircraft,1
business analytics,1
business continuity,1
business experience,1
business financial,1
business helicopter,4
business hosts,4
business information,1
business licenses,1
business manufacturing,2
business professional,2
business professionals,4
business systems,2
businesses,1
businesses americas,1
businesses brand,1
businesstobusiness,2
businesstobusiness basis,2
businesstobusiness companies,16
buying selling,1
buyouts,3
buyouts debt,7
buyouts recapitalization,4
byproduct,1
byproduct streams,2
ca sa,1
cabin,1
cabin maintenance,3
cable,3
cable entertainment,1
cable multisystem,1
cad,7
cad cam,2
cadmium,5
cae,8
cae industries,8
cae june,1
california,1
california additional,3
california november,3
california washington,3
cam,3
cam software,3
cambridge,3
cambridge massachusetts,3
cameco,3
cameras,8
cameras automotive,8
cameras drones,6
cameras internet,2
cameras professional,1
canada,2
canada asia,3
canada europe,3
canada india,3
cancer,3
cancer congestive,2
cancer united,2
cancers,10
candidate,2
candidate tracker,2
candidates,2
candu,2
candu reactors,2
capabilities,4
capital,4
capital management,1
capital turnaround,1
capping decapping,4
caps,4
capsules,2
capsules granules,2
carbide,3
carbide bare,3
carbide gallium,8
carbide gan,8
carbide materials,1
carbide schottky,1
carbide wafers,6
carbon,6
cardiovascular,2
cardiovascular diabetes,2
care,2
care act,2
care chronic,2
care development,2
care immunology,8
care incorporated,8
care january,2
care providers,2
caregivers,1
caregivers healthcare,1
carlos,5
carlos california,2
carolina,2
carrier,8
carrier cobra,8
carrier screening,1
carrier status,1
cartridge,8
cartridge infusion,8
carveouts,4
cases,2
casings,2
casual lifestyle,1
catalog,1
catalog music,8
catalogs,8
catalogs equipment,7
catalyst,2
catalyst replacement,2
catecholomethyltransferase,3
catecholomethyltransferase inhibitor,8
cause miscarriage,8
cell,2
cell disease,2
cell fuel,4
cell lung,4
cell power,1
cell solution,1
cell stack,2
cell system,2
cell systems,2
cell therapies,2
cell turnkey,4
cellbattery,4
cellbattery hybrid,7
cells,4
cells battery,2
cells genfuel,1
cells sample,1
cells treatment,1
center,1
center infrastructure,2
central,2
central laboratory,3
central location,3
central management,1
central scalable,1
centralized network,23
centralizes,23
centralizes alerts,7
centre,3
centre management,1
certificates,3
certify,11
certify deploy,3
cgm,3
cgm markets,3
cgm system,1
cgm systems,3
chain,1
chain logistics,1
chains,5
chains inventory,5
change,1
change management,1
changed name,4
channel,4
channel partners,3
charging infrastructure,3
charles,1
charles river,1
charms,3
charms loafers,3
chat,1
chatbots,1
checklist,2
checklist government,2
checks,7
checks validity,1
chelmsford,1
chelmsford massachusetts,4
chemical,13
chemical compounds,4
chemicals,1
chemicals commodities,8
chicago,4
chicago illinois,4
chicken,4
chicken eggs,4
chickens,3
children,3
china,2
china south,2
chip,26
chip readers,2
chipper,1
chipper shredders,1
chromosomal abnormalities,3
chromosomal anomalies,2
chromosomes,2
chronic complicated,2
chronic condition,3
cincinnati,1
cincinnati ohio,1
circuits,2
circulating tumor,4
city,3
city oklahoma,12
civil aviation,1
civil engineering,4
civil surveying,3
clara,0
clara california,1
classification,2
classification solution,7
clean energy,3
clean hydrogen,4
cleveland,3
cleveland ohio,3
clevelandcliffs,5
clevelandcliffs august,1
client,1
client tax,1
clients,1
cliffs,1
climate,2
clinical collaboration,2
clinical conditions,2
clinical development,2
clinical human,3
clinical monitoring,1
clinical professionals,1
clinical programs,4
clinical support,4
clinical trial,2
clinical trials,2
clinicalstage,13
clinicalstage oncology,2
clocks,2
clocks mobile,2
clogs,2
clogs sandals,37
close loopholes,2
closing,1
closing zillow,2
cloud,9
cloud apps,4
cloud companys,4
cloud endpoint,6
cloud foundation,6
cloud infrastructure,8
cloud management,3
cloud onpremise,3
cloud onpremises,20
cloud ops,2
cloud platform,2
cloudbased customer,2
cloudbased field,2
cloudbased human,2
cloudbased monitoring,2
cloudbased payroll,14
cloudbased software,2
cloudbased transaction,4
cloudconnect hardware,2
clouds,10
co,3
co healthcare,3
co ltd,3
cobra,3
cobra administration,3
cocommercialize investigational,2
code,2
code printers,12
code sharing,3
codes,2
codevelop,2
codevelop cocommercialize,2
codevelop potential,2
coding capping,3
cold chain,3
collaborate manage,3
collaborate work,1
collaboration,1
collaboration agreement,8
collaboration agreements,7
collaboration license,1
collaboration maya,1
collaboration product,1
collaboration software,1
collaboration sparingvision,1
collaborations,2
collaborations astrazeneca,2
collagen,4
collateralized,4
collateralized loan,12
collection,1
collection devices,1
collection disposal,1
collection industries,1
collection relocation,1
collection streaming,1
collections,1
collections tools,1
collects processes,8
collects transforms,8
colorado,29
colorectal,2
colorectal pancreatic,3
combination,2
combination contrarian,8
combinations,2
combinations lenacapavir,2
combine benefits,2
combines,8
combines vsphere,2
commerce,2
commerce elearning,2
commercial airlines,2
commercial applications,1
commercial breaks,7
commercial business,2
commercial database,2
commercial industrial,2
commercial office,2
commercial real,2
commercial small,1
commercialization,1
commercialization agreement,6
commercialization medicines,1
commercialize,3
commercialize ngsbased,1
commercialize sitravatinib,1
commercialize tests,1
commercializes,3
commercializes molecular,3
commodities,16
commodities consumer,10
commodities distribution,5
communication,1
communication devices,1
communications,1
communications companies,1
communications gateway,2
communications industries,2
communications radar,2
community,2
community premium,20
community server,2
companies,0
companies apollo,3
companies avian,2
companies cable,0
companies distributors,0
companies hubspot,0
companies system,0
companyoperated ecommerce,2
companyoperated kiosks,0
companyowned,0
companyowned service,0
companys,7
companys algorithms,2
companys clients,0
companys crm,1
companys flagship,2
companys hcm,1
companys healthcare,1
companys mobile,11
companys portfolio,3
companys power,4
companys silicon,1
companys systemonachip,3
companys vivo,3
compatible mobile,3
compensation,4
compensation budgeting,4
compensation management,2
compiled data,2
complexity,1
complexity transaction,1
compliance,2
compliance address,2
compliance benefits,26
compliance costs,5
compliance dashboard,12
compliance document,5
compliance enable,1
compliance initiatives,1
compliance process,2
compliance report,2
compliance requirements,5
complicated cases,5
complications,31
complications nonmigraine,31
components,14
components candu,14
components custom,5
compositing shotgun,2
compounds,1
compounds delivery,1
comprehensive machinelearning,2
compression,2
compression image,3
compressor,3
compressor pump,4
comprise nbi,4
comprise silicon,4
comprise strategy,4
comprise workspace,2
comprises,2
comprises elasticsearch,3
comprises medicines,2
comprises tslim,1
comprising collection,1
comprising customer,1
comprising hemophilia,2
comprising manager,2
comprising payroll,1
compulsive disorders,1
compute,2
compute layer,2
compute virtualization,2
computer,2
computer hardware,2
computer numeric,2
computer vision,3
computeraided engineering,3
computeraided manufacturing,13
computers,12
computers tablets,1
concentrate fuel,5
concierge,2
concierge applications,2
condition,1
condition management,1
conditions,4
conditions vitro,2
conducts,2
conducts inhouse,2
conferences,2
conferences consulting,6
configuration,3
configuration interface,3
configures,3
confluence,3
confluent,1
confluent enhance,1
congestive heart,4
connect audiences,4
connected identification,2
connected mobile,2
connecticut,11
connecting customers,2
consent,4
consent management,4
consisting community,2
consisting vmware,2
consolidation,1
consolidation transactions,1
constellation,2
construction,1
construction firms,0
construction information,4
construction management,4
construction pipeline,14
construction product,4
construction switchyards,4
construction upgrade,4
construction wireline,4
consultancy,1
consultancy management,2
consultancy platform,11
consulting,1
consulting digital,4
consulting enable,1
consulting informatics,2
consulting platforms,2
consulting research,4
consulting training,4
consulting user,2
consumables,2
consumables quickp,48
consumer,3
consumer enterprise,3
consumer retail,12
consumer software,3
consumption,3
consumption enable,2
containers,2
content,3
content configures,3
content creation,13
content host,9
content management,3
content subscriptions,3
continuity,2
continuity biospecimen,2
continuous glucose,3
contract,3
contract printers,3
contract research,3
contractors,3
contractors subcontractors,3
contrarian,25
contrarian value,4
control,2
control machining,1
control majoritycontrol,1
control testing,1
control web,1
conventional rapid,3
conversational interface,5
conversational interfaces,1
conversion,2
conversion fabrication,1
convert,24
convert sunlight,4
converts,4
converts energy,2
cooking,6
cooking oil,2
cooking prints,10
coordinated central,1
corporate carveouts,1
corporate credit,1
corporate partner,1
corporate restructuring,1
cost,2
cost efficiency,2
cost optimization,27
costs,8
countries,8
countries netflix,10
countries territories,2
countries wholesalers,2
countryspecific,8
countryspecific harmonized,8
course,7
course content,2
covers,4
covid,1
covid crisis,1
create investment,10
creates validates,8
creating managing,2
creation,1
creation sharing,1
creation video,1
creative program,1
credit,9
credit group,4
credit markets,4
credit nonperforming,33
credit time,6
credits,13
cree,9
creek,4
creek georgia,4
crew,4
crew management,2
crinecerfont,8
crinecerfont companys,8
crisis,1
crisis response,1
crisprcas,1
crisprcas system,1
crisprcas technology,10
critical needs,2
criticalpath,1
criticalpath turnaround,4
crm,1
crm platform,1
crocs,6
crocs brand,1
cross,4
cross compiled,4
crossplatform,2
crossplatform migration,1
crowd,3
crowd crucible,3
crucible fisheye,3
cth,1
cth ecoson,1
cultural,8
cultural strategy,8
curogram,1
curogram help,1
current dc,5
curriculum,3
custom,1
custom analysis,2
custom dashboards,2
custom data,32
customer,2
customer nps,2
customer relationship,1
customer supplier,5
customer support,2
customers,5
customers business,15
customers distributors,2
customers telecommunications,1
customers utilities,2
customization,2
customization crossplatform,10
customized specialty,2
cvm,5
cvm diseases,2
cybersecurity,15
cybersecurity americas,2
cybersecurity enterprise,2
cybersecurity teams,3
cycle,8
cycle recruitment,4
cysteamine,2
cysteamine bitartrate,2
daily sunday,2
dar,2
darling,3
darling ingredients,1
darling international,1
dashboard,8
dashboard hr,4
dashboards,2
data,2
data analytics,9
data center,1
data edge,3
data elasticsearch,1
data exchange,1
data fortiedrxdr,7
data inputs,2
data insights,5
data management,23
data platform,1
data platforms,2
data processing,1
data product,1
data pump,2
data range,1
data shippers,1
data storage,4
data store,3
data strategy,2
data testing,2
data visualizations,2
database,2
database network,6
database platform,3
database retail,3
database server,12
databaseasaservice,12
databaseasaservice solution,34
databases,2
databases resellers,1
datacom,2
datacom commercial,2
dc,2
dc gaithersburg,2
dealer,4
dealer networks,1
dealers,2
dealers national,5
debt,2
debt investments,4
debt mezzanine,3
debt value,2
decapping auditing,1
decarbonize,2
decarbonize air,1
decarboxylase,2
decarboxylase inhibitors,2
december,2
december avalara,5
december azenta,5
december globant,4
december outlet,2
december platform,2
decor,2
decor segments,2
decorators,1
deep neural,1
deerfield,20
deerfield illinois,1
defence,2
defence security,1
defense,2
defense applications,1
defense forces,1
defense security,1
deficiency,1
deficiency ex,1
delayedrelease,2
delayedrelease capsules,1
delayedrelease tablets,3
deliver operationalize,3
delivered softwareasaservice,2
delivering video,2
delivers,7
delivers research,3
delivers technology,1
delivery,1
delivery generation,2
delivery management,2
delivery system,4
delivery vans,4
demand,2
demand payment,2
deploy pilot,3
deploys,3
deploys maintains,2
depression,2
depression license,1
depression nbi,1
design,10
design analysis,1
design comprise,2
design construction,1
design development,3
design engineering,1
design industrial,6
design installation,1
design leadership,2
design manufacture,2
design manufacturers,16
design manufacturing,1
design processes,1
design simulation,2
designer,2
designer software,3
designs,2
designs installs,2
designs manufactures,2
designs markets,2
desk,2
desk product,3
detailed records,1
detailing software,1
detailing visualization,9
detection,2
detection mitigation,4
detection response,2
determination,9
determination returns,4
determinations,4
determinations form,5
determine,5
determine carrier,8
determine paternity,3
determining sales,3
develop certify,2
develop commercialize,2
develop manufacture,3
develop nextgeneration,3
develop novel,5
develop treatments,3
developers,2
developers organizations,1
developers partners,1
developing rimegepant,9
development,4
development biotechnology,4
development collaboration,1
development commercialization,1
development customer,1
development engineering,1
development medicines,4
development north,4
development plan,1
development precision,1
development process,3
development rights,3
development safety,2
development supply,2
development testing,10
development therapeutics,8
development transportation,2
developments,7
develops candidates,3
develops commercializes,3
develops delivers,1
develops deploys,1
develops designs,4
develops licenses,2
develops manufactures,1
develops mrtx,1
develops product,1
develops semiconductor,2
device,2
device designs,30
device development,2
device industries,4
device licensing,4
device processing,1
device updater,2
devices,1
devices ab,4
devices fortiap,1
devices radio,1
dexcom collaboration,4
dexcom integrated,1
dexcom medical,5
dexcom share,2
diabetes,2
diabetes educators,26
diabetes management,3
diabetes therapy,3
diagnosis,1
diagnosis healthcare,4
diagnostic dsa,2
diagnostics,4
diclofenac,8
diclofenac sodium,2
die highelectron,8
diego,3
diego california,1
diesel,3
diesel bifuel,10
differentiated functionality,2
diffused mosfet,1
digests,3
digests book,3
digital,2
digital advertising,2
digital ltd,1
digital marketing,1
digital platform,34
digital printing,1
digital real,4
digital service,23
digital systems,11
digital tech,2
digital transformation,2
digital video,1
digital workspace,1
digital workspaces,8
digitallyenabled crew,8
diodes,10
diodes metal,3
direct current,7
direct data,1
direct lending,1
direct line,4
direct product,4
direct reduced,1
direct sales,1
directional boring,16
directly endocrinologists,1
directly field,3
directory,2
directsold website,4
directtogarment,2
directtogarment printing,2
disaster,3
disaster recovery,2
discovers,2
discovery,1
discovery development,1
discovery identification,5
discovery safety,2
disease,2
disease endometriosis,8
disease orilissa,3
disease regeneron,3
diseases,2
diseases bhv,2
diseases linnaeus,5
diseases spectrum,3
disorder,1
disorder horizon,4
disorders,1
disorders intellia,2
disorders united,3
dispensing infrastructure,3
dispensing progen,8
dispensing system,1
display,2
display diabetes,1
disposable insulin,1
disposal,6
disposal food,2
distressed asset,4
distressed buyouts,1
distressed debt,1
distressed strategies,27
distributed realtime,23
distributes,5
distribution,3
distribution cable,1
distribution communications,1
distribution infrastructure,2
distribution manufacturing,2
distribution partners,2
distribution storage,2
distribution transportation,2
distributors,2
distributors ambarella,3
distributors dealers,3
distributors veterinarians,11
dna,8
dna monitoring,3
dna technology,1
doctors,1
document,1
document checklist,1
document library,4
document management,4
documentaries,7
documentation,4
documentation solution,2
documentation vault,3
doityourself market,3
downstream,12
drafting detailing,2
draw mother,2
driven power,1
driver,1
driver boards,1
drives,2
drones,12
drug,12
drug application,1
drug candidates,1
drug discovery,4
drug metabolism,4
drug therapeutic,6
drug wholesalers,2
ds,2
ds max,2
dsa,2
dsa manufacturing,3
dublin,3
dublin ireland,5
duexis,2
durham,2
durham north,2
dvdsbymail,2
dvdsbymail membership,1
dyskinesia,1
dyskinesia companys,9
dyskinesia parkinsons,9
early vivo,10
earlystage,3
earlystage contract,3
east,3
east africa,2
east asia,2
ecommerce,3
ecommerce partners,3
ecommerce sites,4
ecoson,4
ecoson rendac,4
ecosystem,4
edge,1
edge machines,1
edge time,2
edible fats,2
editing,3
edition,3
edition tanzu,2
edition times,2
education,2
education maintenance,2
education retail,8
education service,4
education training,1
educators,1
educators dexcom,17
effect,4
effect transistors,4
effects,1
efficiency,9
efficiency new,58
eggs,1
eggs spf,3
eisai,4
elastic agent,1
elastic nv,12
elastic stack,3
elasticsearch,3
elasticsearch logstash,12
elasticsearch storage,2
elearning accessibility,12
electric,1
electric delivery,1
electric mobility,1
electric power,1
electric vehicle,5
electric vehicles,3
electric workers,12
electrical equipment,3
electrical hvac,3
electrical piping,1
electricity,1
electricity integrators,8
electrocardiography,8
electrocardiography reading,7
electrolyzer,3
electrolyzer hydrogen,2
electronic compliance,1
electronic databases,4
electronic invoice,2
eliminating need,2
email,2
email chat,2
email gateway,2
email predictive,2
email video,1
emergency,1
emergency backup,9
emergency restoration,6
emission,1
emission sustainability,2
emobility,2
emobility automation,1
employee,1
employee benefits,51
employee selfservice,2
employers,1
employers health,1
employment,1
employment life,2
employment predictor,2
employs,3
employs combination,1
enable businesses,1
enable clients,1
enable compute,2
enable creation,12
enable customers,4
enable cybersecurity,1
enable ecosystem,2
enable highdefinition,3
enables,2
enables users,2
end,1
end devices,1
end end,1
end users,1
endocrine psychiatric,2
endocrinologists,3
endocrinologists physicians,2
endometriosis,1
endometriosis pain,1
endometriosis uterine,20
endowment,5
endowment sovereign,3
endpoint,5
endpoint management,1
endpoint protection,5
endpoint workload,5
energized installation,5
energy,2
energy generation,2
energy individual,1
energy management,1
energy market,4
energy monitoring,2
energy natural,2
energy packaging,0
energy product,0
energy solar,5
energy solution,1
energy storage,1
energy united,1
engages,5
engages design,1
engages refining,1
engine,1
engine data,1
engine generators,1
engine optimization,0
engine technology,0
engineer,2
engineer hematopoietic,2
engineered cell,15
engineered models,1
engineering,1
engineering construction,2
engineering entertainment,4
engineering practices,3
engineering procurement,5
engineering software,3
engineering tool,3
engines,3
engines alternators,3
engines electric,2
engines gensure,2
enhance threat,2
enhancements,2
enlighten,2
enphase,2
enphase energy,7
enterprise,1
enterprise agile,2
enterprise applications,2
enterprise customers,2
enterprise reports,2
enterprise store,8
enterprise value,2
enterpriseready cloud,5
entertainment,3
entertainment collection,1
entertainment industry,1
entertainment leisure,2
entertainment professional,2
entertainment software,2
environment,2
environment mongodb,11
environmental projects,1
environmental temperature,3
environments,4
environments splunk,1
envoy,2
envoy communications,14
epam,2
epam systems,0
epayments,2
epilepsy,2
epilepsy indications,5
episodic,0
episodic care,2
epitaxial layers,2
epitaxial wafers,2
equipment,2
equipment energy,2
equipment manufacturers,2
equipment rental,4
equipment training,2
equipment trimmers,2
equipment wholesalers,54
equity,4
equity firm,3
equity funds,4
equity group,3
equity investments,3
errors,5
errors audit,4
escrow title,6
establishments,2
estate,1
estate brands,2
estate firm,12
estate funds,2
estate group,4
estate markets,4
estate properties,4
estate transactions,2
europe,3
europe asia,3
europe canada,28
europe china,22
europe firm,1
europe middle,2
europe russia,6
evaluate ioio,3
evaluate lns,4
evaluation,4
evaluation migraine,1
events,1
events business,9
everify tax,4
evolution,4
ex,5
ex vivo,3
exchange,1
exchange ask,1
exchange membrane,1
exchange timeoff,3
execution,1
execution manhattan,1
execution realtime,4
exemption,2
exemption reseller,2
existing product,1
existing software,1
expedited logistics,29
expense,2
expense management,10
expense reimbursements,5
experience,1
experience consultancy,5
experience technology,2
experiences,8
expert peer,8
exploit,5
exploit protection,1
exploration,1
exploration mining,5
exposure,2
exposure total,2
extended service,51
extends,2
extends splunk,3
fabrication,3
fabrication pipeline,10
fabrication storage,5
fabrication uranium,2
facilitate access,4
facilitate telemedicine,8
facilities,7
facilities trenching,3
failure,2
families,3
family,2
farming,2
farming image,3
fashion,8
fashion apparel,3
fast charging,2
fastforming work,4
father,2
father addition,2
fats,37
fats animal,2
fats feedgrade,4
feature,2
feature films,2
february,3
february tesla,2
feed,4
feed fuel,23
feed ingredients,2
feedgrade,3
feedgrade fats,1
feedstock,3
feedstock green,2
fertile chicken,23
fertilization,2
fertilization cycle,3
fertilizer,5
fertilizer industries,3
fertilizers,8
fetal chromosomes,1
fetus,2
fetus blood,53
fibroids,2
fibroids premenopausal,26
field,1
field collaboration,1
field effect,3
fields,1
fields oncology,24
filing,1
filing remittance,2
films,1
filtering antispam,38
financial,5
financial business,2
financial companies,5
financial education,5
financial healthcare,5
financial insurance,5
financial travel,5
financing,43
financing leasing,12
financing opportunities,5
financing options,5
financing smalltomedium,2
firewall,2
firewall fortimail,2
firewall intrusion,5
firewall vmware,8
firm conducts,2
firm invests,2
firm launches,5
firms,2
first solar,2
fisheye,2
fisheye halp,2
fixed income,2
flagship,2
flagship product,1
flameless,1
flameless heaters,12
flatrolled steel,12
flats,1
flats wedges,1
flexible ui,2
flight,2
flight cabin,1
flight simulation,1
flipflops,2
flipflops boots,2
fluid fastforming,46
focal epilepsy,2
focus,7
focus control,2
focus development,3
focus united,7
focused portfolios,3
focuses design,3
focuses development,1
focuses discovery,2
focuses majority,4
focuses proton,23
foils instruments,1
food,1
food feed,8
food ingredients,8
food pet,2
food service,2
footwear,1
footwear accessories,1
force,25
force distributors,2
forces,2
form,2
form invoices,2
formats,0
forms,4
forms surveys,7
forprofit,12
forprofit nonprofit,1
fortianalyzer,1
fortianalyzer product,20
fortiap,3
fortiap product,1
fortiauthenticator,5
fortiauthenticator product,1
forticlient,3
fortiedrxdr,3
fortiedrxdr endpoint,4
fortiextender,1
fortiextender hardware,1
fortigate,2
fortigate hardware,2
fortimail,3
fortimail product,3
fortimanager,1
fortimanager product,1
fortinet,10
fortisandbox,10
fortisandbox technology,10
fortiswitch,2
fortiswitch product,2
fortitoken fortiauthenticator,2
fortiweb,2
fortiweb product,7
foundation,2
foundation hybrid,2
foundation medicine,2
france,27
france canada,2
francisco,2
francisco california,2
freetodownload,8
freetodownload version,2
fremont,2
fremont california,2
frequency,8
frequency identification,2
frequency rf,2
frequency terminal,10
fuel,2
fuel bioenergy,2
fuel bundles,2
fuel cell,2
fuel cellbattery,4
fuel cells,0
fuel engages,0
fuel feedstock,0
fuel ingredients,2
fuel nuclear,2
fuel processing,2
fuel uranium,2
fueling delivery,1
fueling systems,1
functional areas,7
functionality,1
functionality data,1
functionality developers,1
functions,1
fundamental compute,1
funds,1
funds clients,6
fusion,3
fusion cad,1
future,2
future commerce,12
gain access,1
gaithersburg,1
gaithersburg maryland,1
galleries,0
gallium,2
gallium nitride,1
game,1
game mobile,21
games,2
games cooking,1
gammab,3
gammab injection,2
gan,4
gan epitaxial,1
gan materials,1
garnishment human,1
garnishment management,8
gartner,4
gartner research,2
gas,2
gas distribution,3
gas liquid,3
gas metals,6
gas oil,2
gasoline,2
gasoline diesel,1
gate,23
gate driver,23
gateway,9
gateway enlighten,4
gateway fortisandbox,4
gatos,3
gatos california,3
gc inhibitor,4
gd,4
gd inhibitor,9
gen,9
gencare,4
gendrive gensure,2
gendrive liquid,2
gene,4
gene security,4
generac,1
generac holdings,1
general contractors,1
general partner,1
general purpose,1
generated digital,1
generation,2
generation cgm,2
generation energy,24
generation equipment,3
generation storage,2
generator,2
generators,3
generators addition,2
generators outputs,2
generic set,8
genetic conditions,4
genetic diseases,4
genetic mutations,5
genetic testing,2
genfuel,2
genfuel electrolyzer,2
genfuel hydrogen,2
genkey,2
genome editing,2
genomic,1
genomic medicines,1
genomic sample,23
genomics,23
genomics co,4
genomics data,2
genres,2
genres languages,2
gensure,2
gensure fuel,2
geofencinggeotracking hcm,2
georgia,15
georgia east,12
geospatial structured,3
germany,8
gestation,1
gilead,6
gilead sciences,1
gives supervisors,1
gl,4
gl concierge,1
global management,1
globe,3
glucose,1
glucose meters,2
glucose monitoring,4
glycerol,1
glycerol phenylbutyrate,1
gmbh,2
gmbh building,2
gout,4
gout ophthalmology,1
government,2
government agencies,10
government compliance,1
government financial,3
government organizations,2
gp,2
gp llc,5
grade,5
granules,1
granules oral,1
graphics,4
graphics photographs,4
grease,2
grease fuel,2
grease trap,2
green energy,2
green hydrogen,8
grid,8
grid emobility,16
grid grid,1
grid stability,3
grid technologies,9
gridsupport,5
gridsupport power,1
ground,1
ground personnel,1
group,2
group digital,2
growth,46
growth capital,0
guidance,0
guidance support,10
haayin,2
haayin israel,35
halp,2
halp sourcetree,1
handling electric,5
hardware,2
hardware appliance,1
hardware device,1
hardware enable,2
hardware integration,2
hardware radio,3
hardware software,3
harmonized system,0
hcm,0
hcm solution,5
hd compression,1
hd ultra,2
hd video,1
headquartered atlanta,2
headquartered austin,2
headquartered broomfield,14
headquartered cambridge,4
headquartered chelmsford,3
headquartered cleveland,4
headquartered dublin,2
headquartered durham,3
headquartered fremont,1
headquartered herzliya,1
headquartered houston,2
headquartered irving,2
headquartered johns,2
headquartered kenilworth,2
headquartered latham,7
headquartered los,2
headquartered mountain,4
headquartered newtown,3
headquartered oklahoma,3
headquartered palo,5
headquartered purchase,2
headquartered rosh,2
headquartered saintlaurent,1
headquartered san,1
headquartered santa,17
headquartered saskatoon,1
headquartered schaumburg,4
headquartered seattle,1
headquartered stamford,2
headquartered sunnyvale,3
headquartered sydney,1
headquartered tempe,1
headquartered waukesha,2
health,1
health august,1
health care,10
health discovers,3
health employers,2
health guidance,2
health maintenance,1
health management,2
health offerings,2
health pharmaceutical,5
health plans,5
health systems,4
healthcare,2
healthcare banks,2
healthcare businesstobusiness,1
healthcare education,1
healthcare industries,11
healthcare interoperability,1
healthcare manufacturing,7
healthcare providers,1
healthcare students,1
healthcare systems,1
healthcare telecom,78
healthiestyou,51
healthiestyou brands,3
heart,3
heart failure,5
heaters,1
heaters lightcommercial,3
heavy menstrual,1
hedge,1
hedge funds,12
helicopter,3
helicopter aviation,1
helicopter operators,15
help healthcare,3
helpdesk,2
helpdesk tools,17
helps users,13
hematopoietic,2
hematopoietic stem,3
hemophilia,11
hemophilia hemophilia,1
hemophilia hyperoxaluria,1
hemophilia ospedale,1
hemoshear,4
hemoshear therapeutics,1
hereditary angioedema,0
herzliya,2
herzliya israel,2
hides,4
highdefinition,2
highdefinition hd,2
highelectron,38
highelectron mobility,13
highpressure,4
highpressure criticalpath,7
hitech,3
hitech business,5
hiv,3
hiv amathus,1
holding ltd,4
holdings,4
holdings designs,1
holistic,0
holistic data,0
home,6
home decor,5
home energy,1
home loans,2
home security,2
home standby,3
homeowners,3
homes,8
homes internet,8
horizon,22
horizon application,5
horizon carrier,4
horizon pharma,3
horizon therapeutics,5
hospital,4
hospital acute,2
hospitality,1
hospitality healthcare,1
hospitals,1
hospitals government,34
hospitals health,4
host,4
host protection,1
hosted,23
hosted multicloud,2
hosts,4
hotpads,5
hotpads zillow,5
houston,7
houston texas,1
hr edge,4
hr management,1
hr teams,6
hubspot,1
human capital,1
human health,1
human pharmacology,3
hummingbird,3
hummingbird bioscience,8
hvac,8
hvac solar,2
hybrid applications,2
hybrid cloud,4
hybrid environment,4
hybrid multicloud,3
hybrid solution,3
hybrid technologies,3
hydrogen,1
hydrogen fuel,1
hydrogen generation,15
hydrogen generator,1
hydrogen green,7
hydrogen plug,1
hydrogen production,2
hydrogen storage,1
hydrogenfueled pem,2
hyperoxaluria,10
hyperoxaluria type,1
hypervisor,1
hypervisor software,2
ibuprofenfamotidine,1
ibuprofenfamotidine tablets,1
identification,1
identification chip,1
identification traceability,3
identification validation,3
identificationauthentication,1
identificationauthentication cameras,1
identify singlegene,25
identify threats,3
idorsia,1
idorsia pharmaceuticals,2
iii,1
iii clinical,2
iii trial,1
illinois,3
illinois chicago,3
illinois south,3
image,30
image diagnosis,16
image processing,2
image quality,1
imaging,1
imaging electrocardiography,0
imaging simulations,1
immunological promoters,12
immunology,3
implementation,17
implementation education,8
implementation integration,8
implementation training,2
inapp,2
incident,5
incident communication,2
incident management,2
incident notification,2
include avatax,2
include digital,2
include directtogarment,2
include employee,2
include forprofit,2
include jira,6
include nbi,2
include ntla,0
include ongentys,2
include silicon,9
include software,2
include tsport,2
include zillow,3
includes functionality,1
includes marketing,1
includes ntla,5
includes prebuilt,1
includes treatments,3
including app,4
including applicant,4
including business,7
including buying,4
including clogs,2
including cost,8
including firewall,2
including games,3
including grease,2
including identificationauthentication,4
including kiosks,4
including land,8
including nexus,3
including nonasset,4
including racks,1
including requirements,3
including research,3
including textual,3
including thirdparty,3
including tvs,1
including vmware,1
including warranty,12
income,12
income alternative,1
income investments,1
income securities,8
incomeoriented senior,1
incorporated,1
incorporated headquartered,3
increase analyst,10
independent individuals,8
independent power,2
index,9
index data,1
indexing,4
indexing search,1
india,3
india australia,3
indications,3
indications nbi,3
indications zavegepant,24
individual developers,7
individual investors,12
individual solar,3
individuals,2
individuals tumor,2
industrial,3
industrial application,3
industrial companies,1
industrial customers,1
industrial design,4
industrial distributors,4
industrial fuel,2
industrial generators,2
industrial markets,6
industrial media,1
industrial operators,1
industrial power,1
industrial wirings,23
industries,23
industries development,12
industries epam,12
industries ltd,6
industry,1
industry addition,1
industry collections,1
industry consolidation,1
industry life,1
inebilizumabcdon,1
inebilizumabcdon injection,1
inedible bionutrients,2
inflammation,2
inflammation markets,2
inflammation portfolio,2
inflammatory diseases,1
informatics,1
information,1
information loss,1
information media,2
information modeling,2
information power,2
information readers,2
information realtime,4
infrastructure,2
infrastructure applications,2
infrastructure engages,7
infrastructure installation,4
infrastructure management,1
infrastructure monitoring,1
infrastructure server,8
infrastructure substation,8
infrastructures,1
infrastructures application,1
infusion,23
infusion krystexxa,23
infusion ravicti,3
ingest store,3
ingesting data,13
ingredients,1
ingredients addition,3
ingredients collagen,3
ingredients food,2
ingredients fuel,2
ingrezza,3
ingrezza vmat,30
inhalation,12
inhalation uplizna,2
inherited genetic,12
inhibitor,3
inhibitor phase,2
inhibitor program,4
inhibitor treatment,4
inhibitors,12
inhibitors patients,3
inhouse,3
inhouse research,3
initiatives,1
initiatives tax,20
initio,1
initio pilot,1
injection,1
ink consumables,1
inputs,2
inputs workflows,1
inside sales,5
insight,1
insight vmware,4
insights,1
insights advice,2
insights data,12
insourcing research,12
inspection,4
inspection modelling,4
installation,5
installation maintenance,5
installation providers,2
installation sale,2
installations,1
installers,1
installers distributors,9
installs,9
installs maintains,3
institutes,3
institutional individual,1
institutional investors,1
institutions,6
institutions physicians,2
instrument,2
instrument work,3
instrumentation,3
instruments,4
insulin,4
insulin basaliq,2
insulin cartridge,2
insulin delivery,11
insulin development,2
insulindependent diabetes,8
insurance,1
insurance consumer,4
insurance financial,2
insurance mortgage,1
integrated applications,12
integrated cgm,5
integrated circuits,2
integrated education,2
integrated engineering,2
integrated hd,0
integrated host,1
integrated mined,1
integrated stack,11
integrated turnkey,1
integration,4
integration actions,1
integration infrastructure,1
integration tandem,6
integrations,3
integrators,3
integrators operators,6
integrators vmware,2
integrity,0
integrity testing,2
intellia,2
intellia therapeutics,2
intelligence,1
intelligence computer,1
intelligence software,1
intelligent automation,1
interface,31
interface gaming,31
interface management,2
interfaces,2
interferon,2
interferon gammab,2
internalexternal collaboration,3
international,3
international earlystage,3
international edition,3
internet,3
internet media,3
internet protocol,3
internet things,3
internetconnected devices,3
interoperability,3
interoperability genomics,3
intravenous infusion,3
intravenous use,7
intrinsic security,3
intrusion,3
intrusion prevention,3
inventor,3
inventor tools,3
inventory,3
inventory logistics,3
inventory omnichannel,3
inventory optimization,3
inverter,3
inverter systems,3
inverters,3
inverters power,3
invest chemicals,3
invest companies,3
investigational oral,3
investigational spectrumselective,3
investigational treatment,1
investment,2
investment funds,51
investment markets,7
investment portfolio,50
investments,2
investments credit,2
investors,4
investors tradable,4
invests,5
invoice,5
invoice authentication,3
invoices,3
invoices brazilian,7
involved exploration,2
involved provision,1
involved transportation,2
io biotech,39
ioio,1
iq,3
iq technology,13
ireland,0
ireland limited,0
iron,3
iron ore,1
irving,4
irving texas,3
islatravir,0
islatravir hiv,3
israel,1
item,1
item classification,3
itrelated priorities,0
january,1
january tandem,4
japan,4
japan france,10
jersey,2
jira,5
jira align,2
jira service,6
jira workflow,3
johns,2
johns creek,1
journalists,1
journey,13
journey research,3
journeys,2
journeys change,1
july,2
july intellia,1
july saia,4
june,4
june cae,2
kafka,2
kazakhstan,2
kazakhstan ukraine,2
kenilworth,2
kenilworth new,2
kibana,12
kibana user,12
kinase,1
kinase inhibitor,1
kiosks,2
kiosks storeinstores,2
kiosks time,2
known advantage,2
known ares,2
known azrn,2
known brooks,2
known cae,2
known cliffs,5
known cree,1
known darling,3
known gen,1
known gene,1
known horizon,4
known outsourcing,2
known phluid,2
known scs,9
known teladoc,4
known tesla,4
kornit,7
kornit digital,1
kras,1
kras gc,1
kras gd,1
krystexxa,1
krystexxa pegloticase,1
kw engine,1
kw mobile,1
labeling,7
labeling bar,3
labor,3
labor allocation,23
labor management,23
laboratories,3
laboratories international,3
laboratory,3
laboratory clinical,3
laboratory customers,5
laboratory distribution,5
laboratory project,0
laboratory workflow,0
labs,2
labs addition,0
land,0
land development,2
landing,2
landing operations,3
languages,3
large installers,11
large scale,4
largesized companies,2
lateral sclerosis,5
latham,1
latham new,1
launch,50
launch tests,5
launches,12
lawn,1
lawn leaf,38
layer,0
layer software,0
layers,15
layers silicon,1
lead,1
lead asset,1
leaders,9
leadership,2
leadership mindset,2
leaf,17
leaf vacuums,2
learn share,2
learning performance,3
learning runbookdriven,8
leased facilities,2
leases,2
leasing,2
legacy,4
legacy product,0
legal hr,2
leisure,0
leisure telecom,0
lenacapavir,2
lenacapavir islatravir,2
lending,4
lending group,2
lessthantruckload,1
lessthantruckload shipments,4
leukemia,2
leukemia proprietary,2
level,23
level combines,23
levodopadopa,2
levodopadopa decarboxylase,0
levofloxacin,0
levofloxacin solution,2
library,2
library compliance,10
library markets,3
license,1
license agreement,1
license collaboration,2
licenses,2
licenses electronic,2
licenses maintains,5
licenses sales,5
licensing,8
licensing agreement,8
licensing news,2
life,2
life cycle,2
life science,2
life sciences,3
lifestyle,3
lifestyle footwear,8
light,8
light commercial,1
light towers,1
lightcommercial,11
lightcommercial standby,2
like cancer,8
limited biotechnology,2
limited idorsia,2
limited may,10
limited warranties,8
line,2
line communication,2
linksys,2
linnaeus,15
linnaeus therapeutics,8
liquid,2
liquid procysbi,3
liquid propane,2
liquidcooled engine,2
lithiumion,2
lithiumion cells,2
live events,2
liverfocused programs,2
livongo,2
livongo advance,2
llc,2
llc general,4
lns,1
load,1
load balancer,4
load grid,1
load performance,2
loafers,10
loafers sneakers,2
loan,2
loan obligations,2
loans,1
loans bonds,0
loans portfolio,0
loans trulia,2
location,2
location accelerate,19
locations,3
locations tesla,2
log,3
log splitters,2
logging analyzing,2
logging metrics,2
logistics,1
logistics december,1
logistics execution,3
logistics providers,3
logistics sample,3
logstash,3
logstash data,4
loopholes,4
los,0
los angeles,0
los gatos,13
loss,3
loss addition,1
low power,1
lp,2
lp ares,2
lt,3
ltd,1
ltd biopharmaceutical,1
ltd collaboration,11
ltd gilead,11
ltd incorporated,9
ltd synthekine,2
ltd xenon,2
lung,2
lung nscl,51
lupus,2
lupus research,12
luxembourg,3
luxembourg luxembourg,6
machine,1
machine learning,4
machinelearning,2
machinelearning antimalware,1
machines,3
machines containers,2
machines elasticsearch,1
machines lithiumion,1
machining inspection,4
magazine,8
magazine licensing,0
magazines,24
magazines websites,1
magnesium,11
magnesium delayedrelease,3
maintaining infrastructure,2
maintains,1
maintains software,3
maintenance,3
maintenance customer,2
maintenance customers,17
maintenance electric,2
maintenance ground,3
maintenance organizations,2
maintenance repair,5
maintenance service,4
maintenance support,3
maintenance upgrade,4
maintenance utilities,2
majority,1
majority positions,79
majority sharedcontrol,3
majoritycontrol,8
majoritycontrol investments,8
make investments,3
makes investments,3
mallya,3
mallya device,8
manage compliance,8
manage data,2
manage employment,17
manage load,3
manage supply,3
manage work,3
managed accounts,8
managed health,33
management,2
management access,3
management addition,2
management agile,7
management alternative,2
management analysis,2
management application,8
management applications,2
management automation,2
management business,3
management capabilities,1
management comprising,8
management configuration,3
management consulting,3
management crm,3
management data,3
management delivery,1
management demand,1
management dexcom,2
management employee,2
management expert,1
management gl,1
management gp,6
management hcm,2
management logstash,2
management lp,3
management manages,3
management messaging,4
management mileage,4
management optimization,3
management paycom,2
management planning,1
management platforms,2
management regulatory,2
management reportspush,11
management service,5
management software,2
management solution,2
management system,2
management systems,2
management thirdparty,2
management time,2
management tool,2
management training,2
management transportation,1
management virtualization,1
management yard,2
manager,2
manager onthego,1
manager united,1
managers,1
managers ability,1
managers institutions,3
manages,3
manages client,8
manages hedge,8
manages projects,8
manages sales,6
managing service,2
manhattan,14
manhattan active,2
manhattan associates,1
manhattan scale,4
mannheim,3
mannheim germany,1
manual,1
manual tracking,1
manufacture,14
manufacture commercialize,3
manufacture installation,6
manufacture rf,3
manufacture vaccines,2
manufacturers,1
manufacturers dealer,3
manufacturers healthcare,3
manufacturers logistics,8
manufactures,3
manufactures cadmium,3
manufactures iron,13
manufactures leases,1
manufactures markets,2
manufactures power,2
manufactures supplies,8
manufacturing,8
manufacturing automation,8
manufacturing businesses,2
manufacturing cam,2
manufacturing fusion,11
manufacturing healthcare,8
manufacturing industrial,3
manufacturing industries,23
manufacturing markets,23
manufacturing media,1
manufacturing restaurants,5
manufacturing rms,5
manufacturing support,2
market,2
market growth,3
market legacy,3
market research,1
marketing,1
marketing automation,8
marketing contract,2
marketing conversational,2
marketing sales,4
marketplaces,9
marketplaces december,4
markets,4
markets digital,17
markets firms,7
markets tepezza,8
maryland,3
maryland mannheim,8
maryland rockville,8
mass,1
mass producers,1
massachusetts,15
material,2
material handling,1
materials,5
materials customers,3
materials power,1
materials rf,0
materials satellite,13
materials silicon,0
matrixmaster,0
matrixmaster product,0
max,0
max software,0
maya,0
maya ds,0
meals,0
meals plasma,0
mechanical design,0
media,2
media distribution,2
media entertainment,1
media life,1
media marketing,2
media ott,2
media technology,2
medical behavioral,2
medical device,12
medical digital,2
medical sciences,8
medication,2
medication option,2
medicine,2
medicine addition,13
medicine merck,8
medicines,2
medicines address,3
medicines areas,2
medicines patent,2
medicines retinal,3
mediumsized,3
mediumsized organizations,13
mediumto,9
medpace,2
medpace holdings,7
members,2
members ability,2
members countries,11
membership,2
membership programs,6
membrane,2
men,6
men women,3
menstrual bleeding,2
merchandise,3
merchandise vehicle,3
merck,8
merck co,8
messaging,2
messaging chatbots,2
metabolism,3
metabolism pharmacokinetics,3
metal,10
metal oxide,1
metals,3
metals mining,2
meters,2
meters users,12
methods,12
metrics,12
metrics application,4
mezzanine,4
mezzanine debt,3
mice,29
microgrids,1
microgrids battery,5
microinverter,3
microinverter converts,3
middle east,2
middle market,2
middlemarket,1
middlemarket owners,4
midmarket,2
midmarket businesstobusiness,2
midsized businesses,2
midsized companies,1
migraine,3
migraine nonmigraine,1
migraine sufferers,2
migration,3
migration implementation,5
mileage,5
mileage trackerfixed,15
military commercial,5
military communications,1
milling,4
million firm,2
million premium,1
mindset,2
mined raw,49
mining,1
mining agriculture,2
mining milling,2
mining smart,3
minority,3
minority majority,4
mirati,3
mirati therapeutics,2
miscarriage,1
miscarriage noninvasive,2
miscarriage test,2
mission,4
mission support,4
mitigation,1
mitigation forticlient,4
mitsubishi,3
mitsubishi tanabe,1
mlops,1
mlops blockchain,3
mobile,2
mobile app,2
mobile application,1
mobile applications,1
mobile data,23
mobile devices,1
mobile generators,12
mobile health,5
mobile infrastructures,1
mobile link,1
mobile service,1
mobile web,1
mobility,1
mobility stationary,30
mobility transistors,5
model,28
model strains,1
modeling animation,1
modelling manufacturing,6
models,2
models research,2
models rms,1
modern applications,1
modern workforce,2
modernization,2
modernization tanzu,1
modular,1
modular pem,2
module,2
module level,14
module manufacturers,2
modules,2
modules convert,2
modules gate,2
modules systems,2
molecular,1
molecular testing,1
molnupiravir,6
mongodb,1
mongodb atlas,1
mongodb august,3
mongodb enterprise,2
monitoring,2
monitoring cgm,24
monitoring control,2
monitoring data,2
monitoring incident,12
monitoring platform,2
monitoring service,1
monitoring splunk,1
monitoring system,1
monitors,1
monolithic,1
monolithic microwave,3
mortgage,1
mortgage loans,1
mortgages,20
mosfet,4
mosfet power,1
mosfets,3
mosfets power,1
mother,3
motor,2
motors,2
mountain,2
mountain view,1
mowers,3
mowers log,1
mrtx,19
mrtx kras,4
multicloud,4
multicloud databaseasaservice,1
multicloud environments,4
multidomain,1
multidomain operations,3
multifactor,3
multifactor authentication,2
multiple system,2
multisystem,1
multisystem operators,1
municipal manufacturing,5
music,2
music podcasts,2
mutations,2
mutations io,2
mutations screening,1
myeloid,1
myeloid leukemia,18
name,3
name avalara,3
name azenta,4
name cae,2
name clevelandcliffs,2
name darling,4
name globant,23
name horizon,1
name intellia,1
name mongodb,1
name natera,1
name saia,3
name tandem,1
name teladoc,1
name tesla,0
names,1
names north,3
naproxenesomeprazole magnesium,1
natera,1
natera diagnostics,5
natera natera,3
national,1
national regional,7
native,2
native hybrid,2
natural casings,2
natural gas,1
natural ingredients,1
natural resources,1
nbi,1
nbi treat,26
nbi treatment,1
need manual,1
needs,1
needs people,1
negative symptoms,1
neopigment ink,1
netflix,1
network,1
network acceleration,1
network application,1
network channel,1
network consulting,2
network insight,2
network processing,2
network resellers,2
network server,2
network tesla,2
networking,16
networking fortiextender,8
networking functions,3
networking membership,2
networking security,2
networking software,2
networking vmware,2
networks,1
networks design,1
networks radio,1
neural network,1
neurocrine,2
neurocrine biosciences,2
neurodegenerative diseases,8
neurological diseases,5
neurological endocrine,2
neuropsychiatric indications,7
neuroscience virology,7
new capabilities,1
new connecticut,1
new developments,1
new drug,1
new jersey,1
new revenue,1
new york,12
news,4
news digests,2
news information,4
newspaper,2
newspaper united,2
newspapers,2
newspapers magazines,4
newtown,4
newtown pennsylvania,19
next generation,4
nextgeneration,2
nextgeneration cgm,12
nexus,1
nexus studies,5
ngm,2
ngm biopharmaceuticals,2
ngsbased,7
ngsbased genetic,1
nitride,2
nitride gan,3
nonasset,1
nonasset truckload,1
nonclinical development,2
nonclinical drug,2
noncritical episodic,4
noninvasive paternity,1
noninvasive prenatal,2
noninvestment,8
noninvestment grade,8
nonmigraine,1
nonmigraine indications,1
nonmigraine studies,1
nonperforming loans,1
nonprofit,1
nonprofit organizations,1
nonsmall,15
nonsmall cell,2
nonsterile,2
nonsterile pharmaceuticals,5
nonsurgical oral,2
nonwarranty,2
nonwarranty aftersales,2
north,18
north america,2
north carolina,3
notification,3
notification resolution,12
notifies,24
novartis institutes,4
novartis pharmaceuticals,3
novel genomic,5
novel targets,1
november,2
november vmware,3
nps,2
nps surveys,1
nscl,1
nscl cancer,4
nscl colorectal,1
nsx vmware,0
ntla,9
ntla phase,1
ntla treatment,3
nuclear utilities,2
numbers,2
numeric,1
numeric control,1
numerical geospatial,4
nurtec,2
nurtec odt,1
nv,1
nv search,1
nv strategic,11
nytimescom,11
nytimescom website,4
objective insights,2
obligations,1
observability,2
observability building,2
obsessive compulsive,5
october,1
ocular,2
ocular diseases,1
odt,4
odt rimegepant,1
offer employment,2
offer title,2
offering,2
offerings,4
offerings tandem,4
offers bitbucket,6
offers business,1
offers constellation,2
offers digital,2
offers ecosystem,27
offers engineering,3
offers engines,1
offers fortigate,11
offers fortiweb,6
offers functionality,14
offers genomic,9
offers ingredients,3
offers inverters,2
offers magazine,2
offers manhattan,0
offers market,23
offers mongodb,23
offers nurtec,2
offers panorama,2
offers payroll,2
offers plangrid,2
offers presales,8
offers sales,5
offers service,2
offers silicon,1
offers specialized,1
offers splunk,3
offers suite,3
offers systems,4
offers talent,4
offers tconnect,8
offers teladoc,1
offers training,2
offers troriluzole,2
offers tv,2
offers vmware,2
offers zillow,7
office,1
office retail,2
offices,1
offline,2
offline streaming,5
offshore energy,1
offsite,3
offsite sample,20
ohio,8
oil,3
oil animal,8
oil gas,6
oil pipeline,2
oklahoma,1
oklahoma city,1
omnichannel,19
omnichannel operations,1
onboarding everify,1
oncall,3
oncall splunk,2
oncological autoimmune,1
oncology,2
oncology autoimmunity,1
oncology hospital,1
ondemand,7
ondemand online,1
one central,2
one system,2
ongentys,7
ongentys catecholomethyltransferase,1
ongoing internet,2
ongoing research,2
ongoing trainings,1
online access,1
online businesses,1
online offline,1
online platform,16
online store,3
onpremise,12
onpremises,1
onpremises environments,8
onsite offsite,8
onthego,8
ontheground,8
ontheground support,2
operating maintenance,2
operating media,7
operating system,2
operation,5
operational technology,9
operationalize,4
operationalize insights,4
operations,1
operations avalara,1
operations government,8
operations green,8
operations management,5
operations optimization,1
operations retailers,1
operations teams,4
operations workflow,4
operators,3
operators aircraft,3
operators aviation,2
operators commercial,2
operators helicopter,2
operators mass,2
operators pv,8
ophthalmology,14
ophthalmology inflammation,4
opportunistic credit,4
opportunities,4
opportunities middlemarket,4
opportunity,4
ops,1
ops studio,1
opsgenie,2
opsgenie incident,2
optimization,2
optimization blogging,2
optimization digital,2
optimization gartner,2
optimization planning,7
optimization software,2
optimization warehouse,4
optimized clean,2
optimized inverter,2
optimizers,1
optimizers communication,1
optimizers inverters,3
option,3
option management,8
options,8
options applications,1
oral covid,1
oral liquid,3
oral medication,3
oral use,5
order,3
order validate,2
ore,34
ore pellets,1
organ,2
organ transplant,2
organic fertilizers,1
organization,2
organization opportunity,4
organizational design,2
organizational performance,1
organizational upskilling,1
organizations,2
organizations americas,5
organizations pharmacy,2
organize collaborate,2
organizes,2
organizes tasks,2
oriahnn,4
oriahnn nonsurgical,3
oriented fixed,12
original design,7
original equipment,7
originates,8
originates invests,3
orilissa,3
orilissa management,2
orphan,2
orphan inflammation,21
ospedale,1
ospedale san,1
others,9
others sales,1
ott cloud,1
outdoor power,1
outlet,1
outlet retail,1
output,1
output kw,8
outputs,2
outside north,5
outside thought,2
outsourced pharmaceutical,2
outsourcing,13
owners,3
owners operators,2
oxide,2
oxide semiconductor,3
pacific,1
pacific companys,1
pacific europe,1
pacific manhattan,4
packaging,4
packaging materials,2
packs,2
paid members,23
pain,23
pain women,6
palindromic,3
palindromic repeatscrispr,2
palo,2
palo alto,2
pancreatic cancers,6
panorama,6
panorama noninvasive,1
parkinsons,1
parkinsons disease,0
parties,0
partner,2
partner buyouts,2
partner management,1
partners,1
partners customers,1
partners homeowners,1
partners partnership,3
partnership,1
partnership agreement,1
partnership agreements,1
partnership airbus,1
partnership biocorp,6
partnership confluent,2
partnership curogram,4
partnership tenable,6
partnership volocopter,2
parts,4
parts product,2
party,2
party customers,1
patent,1
patent pool,4
paternity,4
paternity gestation,8
paternity testing,1
pathology,2
pathology safety,2
patient,1
patient journey,4
patient simulators,4
patients,12
patients parkinsons,12
patternbased antimalware,25
pay expense,12
paycom,12
paycom learning,3
paycom pay,3
paycom software,4
paylocity,4
paylocity holding,1
payment,1
payment garnishment,8
payroll,8
payroll applications,2
payroll human,2
payroll tax,4
pediatric epilepsy,4
pediatric patients,2
peer,2
peer networking,3
peer recognition,3
pegloticase,2
pegloticase injection,2
pellets,2
pem,2
pem fuel,5
pennsaid,2
pennsaid diclofenac,2
pennsylvania,12
people,9
perform search,4
perform variety,10
performance,2
performance compensation,4
performance management,3
peripherals,1
permissions,11
permissions addition,8
personalized circulating,2
personnel,1
personnel action,24
pet,2
pet food,4
phantom,19
pharma,3
pharma abbvie,3
pharmaceutical,3
pharmaceutical animal,1
pharmaceutical areas,1
pharmaceutical biotechnology,1
pharmaceutical food,1
pharmaceutical holding,3
pharmaceutical limited,3
pharmaceutical medical,26
pharmaceuticals,2
pharmaceuticals codevelop,2
pharmaceuticals consumer,5
pharmaceuticals ltd,2
pharmaceuticals mirati,2
pharmaceuticals vaccines,2
pharmaceuticals voyager,12
pharmacokinetics,2
pharmacokinetics manufacturing,2
pharmacology,1
pharmacology bioanalysis,1
pharmacology imaging,3
pharmacovigilance,3
pharmacy,8
pharmacy benefit,8
phase,4
phase ii,0
phase iii,2
phase iv,1
phase phase,1
phenylbutyrate,1
phenylbutyrate oral,2
phenylbutyrate tablets,2
phluid,5
phone,5
phone andor,2
photographs,2
photographs times,3
photovoltaic,3
photovoltaic industry,10
photovoltaic pv,2
photovoltaics,2
photovoltaics energy,5
physical,8
physical product,8
physical virtual,6
physician,1
physician distributors,2
physicians,2
physicians diabetes,3
physicians physician,3
piercing tubes,1
pilot,1
pilot training,11
pipeline,1
pipeline protection,1
pipeline support,3
pipeline systems,3
piping,4
piping fabrication,4
plan,12
plan design,12
plan track,1
plangrid,1
planning,4
planning data,3
planning implementation,1
planning maintenance,14
planning opsgenie,4
plans,1
plans energy,2
plans hospitals,2
plant,1
plant project,3
plants,1
plasma,1
plasma pet,3
plates,3
plates life,24
platform,2
platform business,23
platform businesses,3
platform comprises,3
platform comprising,2
platform engineering,2
platform hardware,2
platform program,2
platform realtime,4
platform selection,4
platforms,31
platforms evolution,2
platforms mlops,2
platforms socks,2
players,5
players television,3
plc,8
plc bayer,3
plc subsidiaries,8
plug,2
plug power,3
podcast,3
podcast email,2
podcasts,2
podcasts subscribers,15
pool,7
portable generators,4
portela,4
portfolio,3
portfolio brands,3
portfolio companies,5
portfolio logistics,1
portfolios,1
positions,2
positions portfolio,4
postinfection,4
postinfection protection,2
potential treatment,2
pounds,2
powder,2
powder oral,2
power,2
power applications,1
power consumption,1
power devices,8
power equipment,1
power generation,2
power infrastructure,4
power markets,29
power material,2
power modules,1
power networks,1
power optimizers,1
power plant,2
power plants,8
power producers,3
power progen,1
power requirements,0
power supplies,6
power supply,1
power support,2
power systems,4
power transistors,1
power transmission,2
power washers,2
practices,2
prebuilt,3
prebuilt data,3
precision,1
precision medicine,1
preclinical development,8
predictive lead,8
predictor,15
predictor reporting,2
prednisone,4
prednisone delayedrelease,2
pregnancies,2
pregnancies zygosity,2
pregnant mother,4
premenopausal,10
premenopausal women,2
premium,8
premium subscribers,96
premium video,1
prenatal,2
prenatal test,2
preparation,2
preparation avalara,3
preparation filing,2
preparation tax,5
presales,3
prevention,1
prevention antimalware,1
preventive,4
preventive treatment,2
primarily subscription,1
primary steelmaking,4
printed textile,4
printers,2
printers kornit,5
printers scanners,2
printing fashion,5
printing systems,5
prints,3
priorities,4
private equity,2
private network,2
private public,2
pro rothsay,2
proactive detection,1
process,1
process assigning,2
process mining,1
process phase,4
process transactions,2
processes,2
processes information,2
processing,5
processing artificial,1
processing image,2
processing pipeline,1
processing storing,3
processing system,2
processing technologies,4
processing telemedicine,9
procurement,4
procurement construction,4
procysbi,6
procysbi cysteamine,2
producer,2
producer north,4
producers,2
producers collaborations,2
produces fuel,2
produces research,4
produces uranium,1
product,17
product accessories,2
product candidates,5
product creating,2
product customers,2
product data,10
product design,2
product development,8
product families,15
product family,1
product integrations,1
product manages,1
product phase,4
product review,1
product sales,1
product strategy,2
product taxability,2
product tslim,4
product upgrade,4
production,13
production development,2
production tracking,6
productivity,2
productivity machine,2
professional,2
professional consulting,2
professional design,2
professional library,18
professional planning,5
professional technology,12
professional training,1
professional use,2
professionals,15
professionals architecture,0
professionals organization,2
progen,2
progen engines,2
progen fuel,2
program,3
program electric,2
program gendrive,28
program management,2
program online,3
programs,4
programs roi,12
project,11
project development,1
project management,2
projects,26
projects bim,1
projects fields,0
projects jira,4
promoters,4
promoters cancer,3
propane,1
propane gasoline,2
proper countryspecific,1
properties,4
properties purchase,2
proprietary networking,2
proprietary programs,2
proprietary tools,2
prospera,13
protect customers,1
protection,3
protection central,4
protection integrity,1
protection options,1
protection solution,1
protection webfiltering,15
proteins,4
proteins meals,5
protocol,2
protocol security,4
proton,3
proton exchange,3
provide energy,30
provide operations,1
provide specificpathogenfree,1
provide trading,2
providers,3
providers health,2
providers organizations,5
provides adoption,3
provides anora,1
provides apis,0
provides confluence,4
provides design,2
provides drug,2
provides dvdsbymail,2
provides endowment,8
provides endpoint,1
provides entertainment,5
provides epayments,2
provides financing,2
provides fortiswitch,3
provides genkey,3
provides hr,10
provides hydrogen,0
provides implementation,0
provides inventor,14
provides inventory,1
provides manufacturing,1
provides members,4
provides networking,1
provides news,1
provides ondemand,1
provides operation,1
provides photovoltaic,1
provides power,1
provides range,4
provides sample,4
provides security,4
provides sedans,1
provides silicon,2
provides software,4
provides specialty,4
provides suite,1
provides training,1
provides tslim,4
provides vat,4
provides web,1
providing threephase,1
provision,21
provision nonwarranty,1
psychiatric disorders,10
pte,3
pte ltd,4
public clouds,2
public limited,3
public mobile,21
public safety,3
publications,3
pump platform,14
pump stations,2
pump unit,2
pumps,2
pumps software,2
purchase,11
purchase financing,2
purchase new,2
purchase sale,8
purchase sell,22
purpose,2
purpose database,2
purposebred rats,8
pv,8
pv installations,2
pv module,2
pv system,2
pv systems,2
pwrcell,2
pwrcell pwrview,7
pwrview,7
pwrview brands,48
quality,23
quality assurance,23
quality control,26
quanta,23
questions,4
questions document,0
quickp,0
quickp designer,3
quinsair,3
quinsair levofloxacin,2
racks,2
racks tubes,12
radar,12
radar satellite,17
radio,17
radio frequency,4
rafael,4
rafael california,2
raffaele,2
range,1
range assist,1
range consumer,1
range functional,1
range industries,2
range markets,2
ranging kw,4
ranging output,2
ranging size,1
rapid,1
rapid quality,1
rare autoimmune,1
rare diseases,1
rare disorders,2
rare pediatric,2
rates,1
rats,1
rats mice,3
ravicti,3
ravicti glycerol,1
raw materials,1
rayos,13
rayos prednisone,12
reactor,1
reactor components,2
reactors,2
reactors uranium,4
readers,4
readers bar,3
readers viewers,1
reading support,2
ready safety,13
real estate,2
real time,2
reality,6
reality cameras,3
realtime,3
realtime data,2
realtime postinfection,2
realtime revit,3
realtime search,1
recapitalization,1
receive streaming,3
recognition,3
recognition analytics,36
recommendation,3
records,3
records transaction,5
recovers,23
recovery,5
recovery business,2
recruitment,2
recruitment retirement,4
reduce errors,4
reduced iron,7
reducing administrative,1
refining,3
refining conversion,2
regeneron,1
regeneron pharmaceuticals,1
regimes,8
regional retailers,8
registrations,4
registrations specialized,2
registrations vat,2
regulatory affairs,2
regulatory companys,2
regulatory credits,3
rehabilitation,3
rehabilitation replacement,2
reimbursements,2
rejection,2
related consulting,2
related hydrogen,47
related microgrids,2
related structures,2
related transfer,10
relationship,2
relationship management,26
relocation,1
remittance,2
remittance avalara,3
remote monitoring,1
remotefriendly team,12
rendac,2
rendac brand,4
rendering,2
rendering compositing,1
renewable energy,2
rental companies,2
renting financing,9
repair commercial,4
repair maintenance,4
repairs,4
repairs energy,4
repeatscrispr,11
repeatscrispr associated,2
replacement,2
replacement catalyst,2
replacement highpressure,2
report,2
report validation,2
reporting addition,6
reporting analysis,1
reporting fortimanager,5
reports,1
reports alerts,1
reports briefings,0
reportspush,0
repositioning assets,6
repository,3
representatives,2
requests,10
requests expense,2
requests labor,2
requirements,1
requirements analysis,2
requirements telecommunications,2
research,2
research advisory,8
research animal,8
research conferences,38
research custom,5
research development,5
research engineer,5
research expert,5
research hemoshear,5
research matrixmaster,5
research model,34
research models,2
research projects,5
research screening,1
researchbased drug,3
researchers,5
reseller,3
reseller certificates,2
resellers,8
resellers business,3
resellers distributors,1
resellers system,2
resells,7
resells computer,2
residential automatic,2
residential commercial,2
residential dealers,1
residential light,1
residential real,5
residential standby,5
resides,3
residual bakery,3
resistant depression,3
resolution,3
resolution maintenance,1
resources,1
resources energy,1
respiratory complications,1
response,4
response enhance,2
response solution,2
responsible public,1
restaurants,1
restoration,12
restoration engineering,12
retail distribution,1
retail ecommerce,1
retail investors,1
retail manufacturing,1
retail merchandise,3
retail municipal,3
retail oil,11
retail operations,5
retail technology,1
retailers,1
retailers ecommerce,1
retailers hospitals,2
retailers wholesalers,2
retinal,3
retinal cvm,3
retirement,2
retirement companys,2
return,1
return preparation,1
returns,1
returns preparation,1
returns tax,10
revenue,5
revenue streams,5
review,12
review production,2
review recommendation,8
revit,2
revit software,2
rf,2
rf devices,32
rf power,3
ridgeback biotherapeutics,1
right people,1
right time,2
rights,4
rights permissions,1
river,2
river laboratories,2
rms discovery,2
robotic sensing,2
robotics,5
rockville,2
rockville maryland,4
roi,2
roi cost,3
rosh,12
rosh haayin,1
rothsay,1
rothsay rousselot,1
rousselot,2
rousselot cth,2
routes,7
routes market,2
run cloud,2
runbookdriven,2
runbookdriven automation,1
running vsphere,1
russia,2
russia belarus,2
sa,11
sa december,1
sa mitsubishi,3
sa technology,1
safeguard,5
safeguard systems,13
safety,2
safety assessment,4
safety companys,4
safety pharmacology,9
safety testing,5
saia,2
saia july,2
saia subsidiaries,2
saintlaurent,2
saintlaurent canada,2
sale,2
sale conversion,3
sale leasing,3
sale subsidiaries,48
sale uranium,23
sales,23
sales force,41
sales marketing,3
sales network,3
sales personnel,2
sales productivity,2
sales representatives,12
sales service,4
sales tax,1
salesforce,3
salesforce studio,2
sample,4
sample collections,3
sample intelligence,12
sample inventory,17
sample repository,3
sample storage,3
sample transport,4
samplebased life,1
san,3
san carlos,1
san diego,6
san francisco,1
san rafael,2
san raffaele,0
sandals,2
santa,2
santa clara,4
sas,4
sase,8
sase vmware,8
saskatoon,5
saskatoon canada,2
satellite,2
satellite telecommunication,2
satellite wireless,2
scalable management,8
scale,8
scale photovoltaics,2
scale portfolio,2
scale resources,34
scanners,1
scanners peripherals,2
schaumburg,2
schaumburg illinois,3
schedule,8
schedule tracking,2
scheduled uploads,25
scheduling,5
scheduling life,2
schedulingschedule,2
schedulingschedule exchange,2
schizophrenia,2
schizophrenia nbi,2
schottky,2
schottky diodes,3
science,3
science tools,5
sciences,5
sciences codevelop,5
sciences healthcare,5
sciences life,1
sciences llc,1
sciences market,8
sciences neurocrine,8
sclerosis,2
sclerosis bhv,2
scoring sales,1
screen,1
screening,4
screening determine,4
screening test,8
screens,2
scs,5
scs transportation,3
sdks,3
sdks interfaces,4
sdwan,2
sdwan vmware,2
se,2
se decarbonize,2
sealing peeling,10
search,6
search analysis,2
search analytics,1
search engine,1
search reporting,2
search site,2
search workplace,3
searches,3
searches reports,2
seattle,2
seattle washington,2
sectors,2
secure email,12
secure switching,12
secure wireless,21
securities,20
securities firm,1
security,3
security analytics,3
security cameras,4
security channel,4
security digital,6
security enable,2
security markets,3
security monitoring,4
security network,2
security networking,2
security operations,1
security subscription,1
sedans,4
sedans sport,4
segments,8
segments homes,3
segments life,3
segments modules,6
segments orphan,1
segments pharmaceutical,1
segments premium,1
segments research,8
segments uranium,2
selection,5
selection customization,3
selforiginated financing,3
selfservice,1
selfservice compensation,1
selfservice document,4
sell homes,4
selling renting,1
semiconductor,1
semiconductor field,2
semiconductor industry,2
semiconductor materials,3
semiconductor video,1
semiconductorbased microinverter,1
sending data,2
senior loans,2
sensing cameras,4
sentia,4
sentia medical,1
series,1
series documentaries,1
server,1
server enterprise,2
server freetodownload,2
server power,1
server storage,1
serves americas,2
serves customers,2
serves decorators,2
serves drug,2
serves health,13
serves mediumto,2
serves midmarket,4
serves range,3
service,3
service conferences,4
service content,4
service design,4
service desk,1
service establishments,2
service experiences,86
service locations,3
service management,4
service parts,4
service plans,1
service program,4
service providers,8
service repairs,3
service tanzu,2
service team,2
service technicians,5
servicedefined firewall,2
set enterprise,1
set mutations,1
set software,12
settop boxes,5
severe endometriosis,1
severe inflammatory,3
sewer,3
sewer infrastructure,2
share,2
share network,0
share remote,1
sharedcontrol investments,1
sharing management,8
sharing trello,1
shipments,1
shipments pounds,2
shippers,2
shoe,2
shoe charms,4
short palindromic,0
shotgun,5
shotgun cloudbased,2
shredders,2
sickle,4
sickle cell,2
signatera,4
silicon,4
silicon carbide,2
silicon companys,4
simplified covid,0
simplify,5
simplify payroll,3
simulation,3
simulation analysis,12
simulation equipment,1
simulation training,2
simulations,1
simulations curriculum,5
simulators,5
simulators healthcare,2
single chip,2
singlegene,3
singlegene disorder,3
singlegene mutations,2
singlepurpose data,2
site,2
site search,23
sites,5
sitravatinib,4
sitravatinib clinical,1
sitravatinib investigational,3
situation,1
situation acquisition,1
size,6
size kw,2
sized companies,1
slides,2
slides flipflops,5
slippers,5
slippers crocs,1
small utilityscale,1
smaller industrial,1
smalltomedium,1
smart automation,7
smart energy,5
smart farming,1
smart grid,1
sneakers,1
social,5
social media,2
socks,6
socks shoe,2
sodium,2
sodium phenylbutyrate,4
sodium topical,2
software,2
software addition,1
software application,1
software areas,2
software autocad,2
software building,20
software cloud,8
software computer,3
software defence,8
software development,5
software enhancements,5
software hitech,7
software ingest,4
software layer,2
software licenses,1
software maintenance,2
software product,2
software professional,11
software review,0
software support,8
software technologies,2
software testing,21
softwareasaservice,10
solar customers,3
solar distributors,5
solar energy,1
solar holdings,3
solar installations,5
solar installers,5
solar inverters,1
solar module,1
solar modules,3
solar photovoltaic,1
solar power,1
solar provides,2
solar pv,2
solar wholesalers,4
solaredge,4
solaredge technologies,2
solution,2
solution addresses,4
solution autodesk,4
solution checks,6
solution community,2
solution fortigate,2
solution inhalation,1
solution pwrcell,3
solution simplify,3
solution topical,1
solution tracks,1
solution transitioning,1
sonac,1
sonac dar,18
sources,1
sourcetree,2
sourcetree statuspage,2
sourcing optimization,0
south,3
south america,2
south san,2
southeast,1
southeast asia,1
sovereign wealth,14
sparingvision,2
sparingvision sas,1
special situation,2
specialized,2
specialized tax,3
specialized testing,2
specializing investments,2
specialty,2
specialty contracting,1
specialty customers,1
specialty ingredients,2
specific use,2
specificpathogenfree,4
specificpathogenfree spf,4
spectrum,2
spectrum analyze,2
spectrumselective kinase,4
spf,4
spf chickens,22
spinocerebellar,4
spinocerebellar ataxia,4
spirit,4
spirit capturing,3
splitters,2
splitters lawn,2
splunk infrastructure,2
splunk observability,3
splunk oncall,0
splunk platform,2
splunk security,5
sport,2
sport utility,2
spotify technology,2
stability,2
stability addition,13
stack,1
stack address,12
stack beats,24
stack engine,8
stack kafka,2
stack product,2
stack set,13
stamford,2
stamford connecticut,2
stamping tooling,4
standard,4
standard advanced,2
standby,2
standby generators,1
started mongodb,1
state,4
state japan,4
states,9
states avalara,2
states canada,4
states china,2
states europe,20
stationary fuel,2
stationary power,2
stations,2
stations fabrication,8
status,1
statuspage,2
statuspage atlassian,2
statuspage incident,4
steel,4
steel producer,4
steel supplies,4
steelmaking,2
steelmaking downstream,2
stem,1
stem cells,1
sterile nonsterile,10
storage,2
storage aerospace,7
storage backup,2
storage design,2
storage engages,2
storage processing,2
storage protection,2
storage systems,2
storage tank,2
store,2
store data,2
store enphase,2
store omnichannel,5
storeinstores,2
storing transactions,2
strains,1
strategic alliance,1
strategic alliances,3
strategic architecture,3
strategic collaboration,3
strategic partners,3
strategic partnership,1
strategies,1
strategy,4
strategy design,1
strategy insights,2
strategy management,2
strategy talent,2
streaming,2
streaming access,2
streaming content,10
streaming indexing,4
streamline security,4
streams,11
streams emission,4
streeteasy,3
streeteasy hotpads,2
structure,2
structure fluid,1
structured credit,1
structured unstructured,14
structures,4
structures facilities,3
students,2
studies,2
studies analysis,3
studies bhv,1
studio,1
studio cybersecurity,2
studio salesforce,2
subadvised funds,23
subcontractors,23
subcontractors owners,2
subcutaneous use,2
submissions,2
submissions postmarketing,2
subscribers,1
subscribers computers,1
subscribers countries,3
subscription,3
subscription service,2
subscription technical,2
subscriptions,4
subsidiaries,4
subsidiaries transportation,2
substation,2
substation facilities,6
sufferers,1
sugarmate mobile,2
suite,21
suite applications,12
suite compliance,1
sunday,3
sunday newspaper,1
sunlight,3
sunlight electricity,2
sunnyvale,1
sunnyvale california,18
superchargers,2
superchargers inapp,2
supervisors,0
supervisors managers,8
supplier,1
supplies,3
supplies applications,1
supplies simulation,2
supplies steel,1
supply,1
supply chains,12
supply mallya,12
support,8
support backup,8
support december,4
support defense,2
support installation,2
support laboratory,2
support manufacturing,2
support offerings,5
support platform,2
support professional,2
support software,4
support systems,2
supported blood,2
supporting use,3
surgical imaging,3
survey,2
survey peer,2
surveying,11
surveying design,2
surveys,2
surveys analytics,5
sustainability,2
sustainability today,2
switches,2
switches components,2
switching,13
switchyards,2
switchyards transmission,2
sydney,2
sydney australia,4
symptoms,4
symptoms schizophrenia,2
synthekine,2
synthekine ridgeback,1
system,1
system atrophy,6
system diabetes,4
system expense,2
system functions,2
system gencare,2
system hardware,4
system home,4
system owners,4
system pump,4
system system,2
system teams,2
system vendors,3
systemonachip,17
systems,8
systems assets,2
systems compressor,2
systems consumables,2
systems engines,4
systems envoy,3
systems information,1
systems insurance,2
systems integrators,11
systems modules,2
systems motor,2
systems operations,4
systems partnership,3
systems power,2
systems storage,2
systems systems,2
systems water,2
tablets,2
tablets powder,2
takeda pharmaceutical,7
takeoff,2
takeoff landing,2
talent,2
talent acquisition,4
talent journeys,4
talent management,1
tanabe pharma,1
tandem,4
tandem device,2
tandem diabetes,2
tank,32
tank engineering,8
tanzu,8
tanzu application,2
tanzu labs,1
tardive dyskinesia,6
targets,2
targets chemical,3
tasks,8
tax,18
tax compliance,2
tax credit,2
tax determination,2
tax determinations,3
tax exemption,8
tax management,2
tax regimes,2
tax registrations,2
tax research,5
tax return,2
tax solution,3
tax united,3
tax vat,3
taxability,8
taxability database,8
tconnect,26
team,5
team content,3
team providers,13
team spirit,3
team workspace,3
teams,5
teams addition,2
teams jira,2
teams visibility,2
tech,2
tech patient,4
technical advisory,4
technical emergency,2
technical support,2
technicians,8
technicians vehicle,3
technologies,5
technologies electric,2
technologies fuel,2
technology,6
technology data,3
technology environments,2
technology government,8
technology mortgages,8
technology others,13
technology sa,5
technology screen,8
technology telecommunications,1
technology treatment,1
technology tslim,6
teladoc,6
teladoc health,10
teladoc livongo,2
telecom,1
telecom datacom,1
telecom technology,1
telecommunication,1
telecommunication applications,1
telecommunications,1
telecommunications infrastructure,7
telecommunications technology,3
telecommunications transportation,4
telecommunications travel,4
telehealth,4
telehealth chronic,11
telemedicine,1
telemedicine evaluation,2
telemedicine medical,2
television,4
television settop,14
telluride,12
telluride solar,3
tempe,2
tempe arizona,2
temperature,2
temperature monitoring,2
tenable holdings,1
tepezza,1
tepezza teprotumumabtrbw,4
terminal networks,1
territories,1
tesla,30
tesla designs,1
tesla february,4
tesla mobile,2
tesla motors,1
tesla superchargers,2
test,1
test management,3
test screens,2
testing,5
testing accessibility,4
testing biologics,3
testing determine,1
testing identify,3
testing maintenance,5
testing quality,14
testing rehabilitation,2
testing test,2
testing united,2
tests,2
tests signatera,3
texas,2
textile,23
textile industry,23
textual,16
textual numerical,8
therapeutic areas,4
therapeutic candidates,4
therapeutics,2
therapeutics bial,2
therapeutics clinicalstage,2
therapeutics july,2
therapeutics license,10
therapeutics llc,5
therapies,5
therapy,8
therapy levodopadopa,8
therapy management,1
things,1
thingsbased maintenance,2
third parties,2
third party,12
thirdparty administrative,3
thirdparty developers,1
thirdparty marketplaces,2
thought leaders,2
threat,2
threat detection,1
threat visibility,1
threats,1
three segments,1
threephase,1
threephase power,3
ticketing helpdesk,3
time,3
time attendance,3
time clocks,2
time collection,2
time labor,4
time produce,4
time statuspage,2
timeoff,2
timeoff requests,51
times,1
times daily,2
times nytimescom,3
times publications,1
times times,0
title,1
title escrow,4
title insurance,0
today,0
today climate,1
together subsidiaries,1
tool,5
tool centralizes,2
tool industry,2
tooling,2
tooling tubing,0
tooling visualization,0
tools,0
tools access,1
tools customer,1
tools instrument,5
tools mechanical,2
tools professionals,0
topical solution,2
topical use,1
total transaction,1
towers,1
towers mobile,8
toxicology,3
toxicology pathology,3
traceability,1
traceability monitoring,1
track,2
track collaborate,2
tracker,3
tracker background,3
trackerfixed,4
tracking,4
tracking accruals,2
tracking candidate,2
tracking media,2
tracking time,2
tracks,2
tracks time,2
tractors,2
tractors trailers,2
tradable credit,2
tradable noninvestment,2
traded vehicles,17
trading,5
trading partner,5
traditional buyouts,5
trailers,2
training,2
training change,2
training client,5
training crew,1
training defense,1
training devices,1
training electric,2
training flight,2
training mission,3
training operations,3
training program,6
training security,6
trainings,2
transaction,2
transaction tax,10
transactions,1
transfer,1
transfer switches,4
transformation,2
transformation sourcing,1
transformational programs,4
transforms,4
transistors,3
transistors monolithic,3
transistors mosfets,6
transistors telecommunications,3
transitioning,2
transitioning fuel,11
transmission,3
transmission distribution,7
transmission infrastructures,2
transmits,2
transmits articles,9
transplant,4
transplant rejection,4
transport,16
transport collection,10
transportation,3
transportation distribution,5
transportation execution,1
transportation north,1
transportation utility,3
transthyretin amyloidosis,3
trap,8
trap collection,1
travel,2
travel airport,3
travel consumer,1
travel hospitality,8
treating anhedonia,2
treating nonsmall,2
treatment,4
treatment acute,20
treatment combinations,2
treatment hemophilia,2
treatment hereditary,2
treatment migraine,1
treatment nscl,1
treatment ocular,1
treatment sickle,2
treatment tardive,0
treatments,2
treatments people,2
trello,6
trello collaboration,5
trenching,1
trial,2
trial consent,2
trial multiple,1
trial neuropsychiatric,1
trial treating,4
trial treatment,4
trials,13
trials spinocerebellar,8
trimmers,2
trimmers brush,3
troriluzole,11
troriluzole phase,3
truckload,1
trulia,2
trulia streeteasy,3
tslim,50
tslim insulin,1
tslim integration,2
tslim pump,2
tsport,5
tsport insulin,1
tubes,4
tubes caps,12
tubes plates,2
tumor,4
tumor dna,3
tumor prospera,3
turnaround,24
turnaround bridge,1
turnaround instrumentation,4
turnkey,2
turnkey electric,2
turnkey solution,0
tv,2
tv series,1
tvs,2
tvs digital,3
twin pregnancies,12
two segments,8
type,0
type alpha,4
types,6
types data,1
types investment,4
ui components,23
ukraine,5
ukraine georgia,4
ultra,1
ultra hd,2
ultracold,2
ultracold storage,3
undercapitalized companies,2
underground utility,3
unified,2
unified endpoint,4
uninterrupted power,10
uninterruptible power,4
unit,4
united,2
united state,2
united states,0
unlimited online,0
unstructured data,15
unstructured kibana,2
update,0
updater,3
updater tool,3
upgrade electric,3
upgrade program,3
upgrade repair,15
upgrades,2
upgrades purchase,4
uplizna,2
uplizna inebilizumabcdon,2
uploads,2
uploads avatax,2
upskilling,7
upskilling cultural,2
uranium,5
uranium concentrate,19
uranium fuel,4
use,8
use actimmune,4
use applications,4
use buphenyl,3
use cases,3
use collaboration,1
use duexis,1
use healthcare,1
use home,1
use insulin,3
use people,3
use quinsair,10
use rayos,3
use research,2
use researchers,4
use vimovo,2
useable specialty,2
used adjunct,3
used assess,3
used build,18
used cooking,1
used emergency,1
used individual,1
used manufacture,3
used military,3
used mobility,3
used transportation,3
used vehicle,1
used vehicles,1
user,2
user experience,2
user interface,0
users,0
users caregivers,12
users generac,3
using blood,1
uterine,2
uterine fibroids,2
utilities,3
utilities americas,22
utilities website,8
utility,5
utility infrastructure,4
utility sectors,2
utility vehicles,2
utilityscale,2
utilityscale solar,2
utilizes,100
utilizes biological,1
utilizes hypervisor,2
utilizing crisprcas,1
vaccine,5
vaccine animal,3
vaccine provide,3
vaccines,3
vaccines health,7
vacuums,9
vacuums chipper,3
validate,4
validate launch,6
validates,3
validation,2
validation electronic,23
validation novel,1
validity,3
validity customer,23
valuable feed,1
value,2
valueadded tax,2
vans,3
vans genfuel,1
variable rates,9
variety,0
variety tasks,2
various animal,0
various atlassian,2
various customers,2
various financing,4
various footwear,2
various genres,4
various leaders,1
various organizations,1
various partners,23
various people,1
various platforms,2
various portable,5
various routes,3
various security,2
various service,3
various software,6
various sources,2
various therapeutic,3
various treatments,1
various types,3
vat,3
vat determinations,12
vat numbers,1
vault,5
vault data,1
vehicle,1
vehicle insurance,2
vehicle sale,2
vehicle sales,2
vehicles,1
vehicles energy,3
vehicles genfuel,2
vendors,2
vendors systems,3
verdiperstat,1
verdiperstat product,1
verily ireland,12
verily life,12
version,2
version database,2
vertical takeoff,8
veterinarians,8
veterinarians animal,16
veterinary,1
veterinary pharmaceuticals,11
video,3
video advertisements,2
video content,2
video enable,2
video image,2
video players,2
video processing,10
video survey,2
view,2
view california,1
viewers,2
vimovo,4
vimovo naproxenesomeprazole,1
virology,2
virology cardiovascular,23
virtual healthcare,12
virtual live,3
virtual machines,8
virtual power,3
virtual reality,5
virtualization,5
virtualization visualization,2
virtualization vsan,2
virtually team,16
visibility,2
visibility control,2
visibility scale,6
vision,2
vision algorithms,2
vistara,1
vistara singlegene,1
visual service,1
visual way,1
visualization,8
visualization autocad,3
visualization companys,2
visualization documentation,2
visualization sample,1
visualizations,1
visualizations integration,2
vitro fertilization,2
vitro methods,3
vivo,3
vivo discovery,2
vivo pipeline,2
vivo programs,1
vmat,1
vmat inhibitor,1
vmware,1
vmware carbon,7
vmware cloud,7
vmware multicloud,4
vmware nsx,4
vmware sase,2
vmware sdwan,2
vmware strategic,15
vmware vrealize,2
vmware vsphere,1
volocopter,4
volocopter gmbh,1
voluntary compliance,4
voyager,1
voyager therapeutics,2
vrealize,11
vrealize cloud,5
vrealize network,3
vsan,1
vsan nsx,2
vsan vxrail,2
vsphere,9
vsphere data,2
vsphere vrealize,2
vsphere vsan,2
vxrail,2
wafers,2
wafers gan,2
warehouse,2
warehouse management,2
warranties,2
warranty,2
washers,4
washers water,4
washington,2
washington dc,2
water,3
water pumps,3
water sewer,3
waukesha,3
waukesha wisconsin,5
way,2
way display,2
wealth,3
wealth funds,3
wearable cameras,2
web,2
web application,25
web applications,25
web build,1
web native,2
webbased data,2
webbased solution,10
webfiltering,1
webfiltering application,3
website,4
website content,1
website galleries,1
website mobile,1
websites,23
websites united,23
wedges,2
wedges platforms,2
welding construction,2
well accessories,2
well alzheimer,1
well analytics,1
well designs,1
well digital,1
well engineering,1
well kras,1
well monitoring,2
well monitors,2
well network,2
well partnership,2
well phone,1
well physical,1
well platforms,4
well project,4
well purchase,2
well robotics,2
well sale,3
well use,3
well vaccine,2
well vmware,2
western europe,1
wholesalers,1
wholesalers catalogs,1
wholesalers manufacturers,1
wholesalers pv,3
wide area,1
wide bandgap,1
wilmington,3
wilmington massachusetts,2
wirecutter,1
wirecutter product,16
wireless communications,3
wireless industries,2
wireless networking,12
wireless systems,1
wireline,1
wireline wireless,2
wirings,2
wisconsin,2
without commercial,2
wolfspeed,20
wolfspeed october,2
women,0
women children,3
women oriahnn,1
women product,12
womens,1
womens health,1
work,4
work cells,4
work projects,1
work teams,1
workers,1
workers gas,1
workflow,7
workflow accelerate,7
workflow management,4
workflow scheduling,4
workflows,1
workflows searches,1
workforce,4
workforce index,4
workload,1
workload distributors,1
workplace,1
workplace search,1
workrelated questions,3
workspace,3
workspace comprise,7
workspaces,1
worldwide companys,4
worldwide electric,12
worldwide premium,12
xenon,2
xenon pharmaceuticals,2
yard,4
yard management,1
yellow grease,1
york,1
york new,1
york times,15
zavegepant,2
zavegepant phase,4
zillow,1
zillow closing,3
zillow group,2
zillow home,2
zillow zillow,6
zygosity,1
zygosity vistara,4
